invoice_number,stock_code,detail,quantity,invoice_date,unit_price,customer_id,country
544688,22148,EASTER CRAFT 4 CHICKS ,12,2011-02-23,1.950,18151,United Kingdom
544688,22261,FELT EGG COSY WHITE RABBIT ,12,2011-02-23,0.850,18151,United Kingdom
544688,22262,FELT EGG COSY CHICKEN,12,2011-02-23,0.850,18151,United Kingdom
544688,22241,GARLAND WOODEN HAPPY EASTER,12,2011-02-23,1.250,18151,United Kingdom
544688,22967,SET 3 SONG BIRD PAPER EGGS ASSORTED,9,2011-02-23,2.950,18151,United Kingdom
544688,22860,EASTER TIN CHICKS PINK DAISY,6,2011-02-23,1.650,18151,United Kingdom
544688,22858,EASTER TIN KEEPSAKE,6,2011-02-23,1.650,18151,United Kingdom
544688,22129,PARTY CONES CANDY TREE DECORATION,12,2011-02-23,0.850,18151,United Kingdom
544688,85014B,RED RETROSPOT UMBRELLA,3,2011-02-23,5.950,18151,United Kingdom
544688,22350,ILLUSTRATED CAT BOWL ,6,2011-02-23,2.550,18151,United Kingdom
544688,22607,WOODEN ROUNDERS GARDEN SET ,3,2011-02-23,9.950,18151,United Kingdom
544688,15056N,EDWARDIAN PARASOL NATURAL,4,2011-02-23,5.950,18151,United Kingdom
544688,15056BL,EDWARDIAN PARASOL BLACK,4,2011-02-23,5.950,18151,United Kingdom
544688,15056P,EDWARDIAN PARASOL PINK,4,2011-02-23,5.950,18151,United Kingdom
544689,84078A,SET/4 WHITE RETRO STORAGE CUBES ,6,2011-02-23,34.950,12980,United Kingdom
544689,35004B,SET OF 3 BLACK FLYING DUCKS,48,2011-02-23,4.650,12980,United Kingdom
544690,22423,REGENCY CAKESTAND 3 TIER,16,2011-02-23,10.950,14156,EIRE
544690,22841,ROUND CAKE TIN VINTAGE GREEN,12,2011-02-23,6.950,14156,EIRE
544690,22840,ROUND CAKE TIN VINTAGE RED,12,2011-02-23,6.950,14156,EIRE
544690,22843,BISCUIT TIN VINTAGE GREEN,12,2011-02-23,5.950,14156,EIRE
544690,22842,BISCUIT TIN VINTAGE RED,12,2011-02-23,5.950,14156,EIRE
544690,22846,BREAD BIN DINER STYLE RED ,4,2011-02-23,14.950,14156,EIRE
544690,22625,RED KITCHEN SCALES,12,2011-02-23,7.650,14156,EIRE
544690,22624,IVORY KITCHEN SCALES,12,2011-02-23,7.650,14156,EIRE
544690,22804,CANDLEHOLDER PINK HANGING HEART,32,2011-02-23,2.550,14156,EIRE
544690,21733,RED HANGING HEART T-LIGHT HOLDER,32,2011-02-23,2.550,14156,EIRE
544690,85123A,WHITE HANGING HEART T-LIGHT HOLDER,32,2011-02-23,2.550,14156,EIRE
544690,37449,CERAMIC CAKE STAND + HANGING CAKES,8,2011-02-23,8.500,14156,EIRE
544690,22197,SMALL POPCORN HOLDER,400,2011-02-23,0.720,14156,EIRE
544690,22303,COFFEE MUG APPLES DESIGN,36,2011-02-23,2.100,14156,EIRE
544690,22302,COFFEE MUG PEARS  DESIGN,36,2011-02-23,2.100,14156,EIRE
544691,22778,GLASS CLOCHE SMALL,4,2011-02-23,3.950,13804,United Kingdom
544691,22924,FRIDGE MAGNETS LA VIE EN ROSE,12,2011-02-23,0.850,13804,United Kingdom
544691,21231,SWEETHEART CERAMIC TRINKET BOX,12,2011-02-23,1.250,13804,United Kingdom
544691,37446,MINI CAKE STAND WITH HANGING CAKES,8,2011-02-23,1.450,13804,United Kingdom
544691,22646,CERAMIC STRAWBERRY CAKE MONEY BANK,12,2011-02-23,1.450,13804,United Kingdom
544691,22057,CERAMIC PLATE STRAWBERRY DESIGN,12,2011-02-23,1.490,13804,United Kingdom
544691,22059,CERAMIC STRAWBERRY DESIGN MUG,12,2011-02-23,1.490,13804,United Kingdom
544691,21212,PACK OF 72 RETROSPOT CAKE CASES,24,2011-02-23,0.550,13804,United Kingdom
544691,21210,SET OF 72 RETROSPOT PAPER  DOILIES,12,2011-02-23,1.450,13804,United Kingdom
544691,22722,SET OF 6 SPICE TINS PANTRY DESIGN,4,2011-02-23,3.950,13804,United Kingdom
544691,22666,RECIPE BOX PANTRY YELLOW DESIGN,6,2011-02-23,2.950,13804,United Kingdom
544691,22720,SET OF 3 CAKE TINS PANTRY DESIGN ,3,2011-02-23,4.950,13804,United Kingdom
544691,22969,HOMEMADE JAM SCENTED CANDLES,12,2011-02-23,1.450,13804,United Kingdom
544691,22980,PANTRY SCRUBBING BRUSH,12,2011-02-23,1.650,13804,United Kingdom
544691,22978,PANTRY ROLLING PIN,6,2011-02-23,3.750,13804,United Kingdom
544691,22960,JAM MAKING SET WITH JARS,6,2011-02-23,4.250,13804,United Kingdom
544691,22966,GINGERBREAD MAN COOKIE CUTTER,12,2011-02-23,1.250,13804,United Kingdom
544691,21914,BLUE HARMONICA IN BOX ,12,2011-02-23,1.250,13804,United Kingdom
544691,21912,VINTAGE SNAKES & LADDERS,4,2011-02-23,3.750,13804,United Kingdom
544691,21888,BINGO SET,4,2011-02-23,3.750,13804,United Kingdom
544691,84077,WORLD WAR 2 GLIDERS ASSTD DESIGNS,48,2011-02-23,0.290,13804,United Kingdom
544691,21889,WOODEN BOX OF DOMINOES,12,2011-02-23,1.250,13804,United Kingdom
544691,22561,WOODEN SCHOOL COLOURING SET,12,2011-02-23,1.650,13804,United Kingdom
544691,22559,SEASIDE FLYING DISC,12,2011-02-23,1.250,13804,United Kingdom
544691,22948,METAL DECORATION NAUGHTY CHILDREN ,24,2011-02-23,0.850,13804,United Kingdom
544691,22084,PAPER CHAIN KIT EMPIRE,6,2011-02-23,2.950,13804,United Kingdom
544691,22418,10 COLOUR SPACEBOY PEN,24,2011-02-23,0.850,13804,United Kingdom
544691,22617,BAKING SET SPACEBOY DESIGN,3,2011-02-23,4.950,13804,United Kingdom
544691,20977,36 PENCILS TUBE WOODLAND,16,2011-02-23,1.250,13804,United Kingdom
544691,22937,BAKING MOULD CHOCOLATE CUPCAKES,6,2011-02-23,2.550,13804,United Kingdom
544691,22930,BAKING MOULD HEART MILK CHOCOLATE,6,2011-02-23,2.550,13804,United Kingdom
544691,22935,BAKING MOULD ROSE MILK CHOCOLATE,6,2011-02-23,3.250,13804,United Kingdom
544691,21878,PACK OF 6 SANDCASTLE FLAGS ASSORTED,36,2011-02-23,0.850,13804,United Kingdom
544691,22138,BAKING SET 9 PIECE RETROSPOT ,3,2011-02-23,4.950,13804,United Kingdom
544692,22129,PARTY CONES CANDY TREE DECORATION,24,2011-02-23,0.850,17499,United Kingdom
544692,22150,3 STRIPEY MICE FELTCRAFT,12,2011-02-23,1.950,17499,United Kingdom
544692,22148,EASTER CRAFT 4 CHICKS ,12,2011-02-23,1.950,17499,United Kingdom
544692,22714,CARD BIRTHDAY COWBOY,12,2011-02-23,0.420,17499,United Kingdom
544692,22983,CARD BILLBOARD FONT,12,2011-02-23,0.420,17499,United Kingdom
544692,22985,"WRAP, BILLBOARD FONTS DESIGN",25,2011-02-23,0.420,17499,United Kingdom
544692,21498,RED RETROSPOT WRAP ,25,2011-02-23,0.420,17499,United Kingdom
544692,21499,BLUE POLKADOT WRAP,25,2011-02-23,0.420,17499,United Kingdom
544692,21500,PINK POLKADOT WRAP ,25,2011-02-23,0.420,17499,United Kingdom
544692,22820,GIFT BAG BIRTHDAY,12,2011-02-23,0.650,17499,United Kingdom
544692,22704,WRAP RED APPLES ,25,2011-02-23,0.420,17499,United Kingdom
544692,22741,FUNKY DIVA PEN,48,2011-02-23,0.850,17499,United Kingdom
544692,22740,POLKADOT PEN,48,2011-02-23,0.850,17499,United Kingdom
544692,21829,DINOSAUR KEYRINGS ASSORTED,36,2011-02-23,0.210,17499,United Kingdom
544692,22421,LIPSTICK PEN FUSCHIA,12,2011-02-23,0.420,17499,United Kingdom
544692,21830,ASSORTED CREEPY CRAWLIES,24,2011-02-23,0.420,17499,United Kingdom
544692,20978,36 PENCILS TUBE SKULLS,16,2011-02-23,1.250,17499,United Kingdom
544692,22382,LUNCH BAG SPACEBOY DESIGN ,10,2011-02-23,1.650,17499,United Kingdom
544692,21889,WOODEN BOX OF DOMINOES,12,2011-02-23,1.250,17499,United Kingdom
544692,22561,WOODEN SCHOOL COLOURING SET,12,2011-02-23,1.650,17499,United Kingdom
544692,84077,WORLD WAR 2 GLIDERS ASSTD DESIGNS,48,2011-02-23,0.290,17499,United Kingdom
544692,22992,REVOLVER WOODEN RULER ,12,2011-02-23,1.950,17499,United Kingdom
544692,22491,PACK OF 12 COLOURED PENCILS,12,2011-02-23,0.850,17499,United Kingdom
544692,22560,TRADITIONAL MODELLING CLAY,24,2011-02-23,1.250,17499,United Kingdom
544692,21980,PACK OF 12 RED RETROSPOT TISSUES ,24,2011-02-23,0.290,17499,United Kingdom
544692,22616,PACK OF 12 LONDON TISSUES ,24,2011-02-23,0.290,17499,United Kingdom
544692,21985,PACK OF 12 HEARTS DESIGN TISSUES ,24,2011-02-23,0.290,17499,United Kingdom
544692,22614,PACK OF 12 SPACEBOY TISSUES,24,2011-02-23,0.290,17499,United Kingdom
544692,21967,PACK OF 12 SKULL TISSUES,24,2011-02-23,0.290,17499,United Kingdom
544692,22548,HEADS AND TAILS SPORTING FUN,12,2011-02-23,1.250,17499,United Kingdom
544692,20979,36 PENCILS TUBE RED RETROSPOT,16,2011-02-23,1.250,17499,United Kingdom
544692,85014A,BLACK/BLUE POLKADOT UMBRELLA,3,2011-02-23,5.950,17499,United Kingdom
544692,85014B,RED RETROSPOT UMBRELLA,3,2011-02-23,5.950,17499,United Kingdom
544692,22748,POPPY'S PLAYHOUSE KITCHEN,6,2011-02-23,2.100,17499,United Kingdom
544692,22747,POPPY'S PLAYHOUSE BATHROOM,6,2011-02-23,2.100,17499,United Kingdom
544692,22745,POPPY'S PLAYHOUSE BEDROOM ,6,2011-02-23,2.100,17499,United Kingdom
544692,22746,POPPY'S PLAYHOUSE LIVINGROOM ,6,2011-02-23,2.100,17499,United Kingdom
544692,84406B,CREAM CUPID HEARTS COAT HANGER,4,2011-02-23,4.150,17499,United Kingdom
544692,22607,WOODEN ROUNDERS GARDEN SET ,4,2011-02-23,9.950,17499,United Kingdom
544693,22720,SET OF 3 CAKE TINS PANTRY DESIGN ,3,2011-02-23,4.950,15397,United Kingdom
544693,22427,ENAMEL FLOWER JUG CREAM,3,2011-02-23,5.950,15397,United Kingdom
544693,22429,ENAMEL MEASURING JUG CREAM,4,2011-02-23,4.250,15397,United Kingdom
544693,22426,ENAMEL WASH BOWL CREAM,4,2011-02-23,3.750,15397,United Kingdom
544693,22722,SET OF 6 SPICE TINS PANTRY DESIGN,4,2011-02-23,3.950,15397,United Kingdom
544694,22423,REGENCY CAKESTAND 3 TIER,4,2011-02-23,12.750,17706,United Kingdom
544694,22914,BLUE COAT RACK PARIS FASHION,3,2011-02-23,4.950,17706,United Kingdom
544694,22913,RED COAT RACK PARIS FASHION,3,2011-02-23,4.950,17706,United Kingdom
544694,22727,ALARM CLOCK BAKELIKE RED ,4,2011-02-23,3.750,17706,United Kingdom
544694,22730,ALARM CLOCK BAKELIKE IVORY,4,2011-02-23,3.750,17706,United Kingdom
544694,22567,20 DOLLY PEGS RETROSPOT,12,2011-02-23,1.250,17706,United Kingdom
544694,22348,TEA BAG PLATE RED RETROSPOT,12,2011-02-23,0.850,17706,United Kingdom
544694,21218,RED SPOTTY BISCUIT TIN,6,2011-02-23,3.750,17706,United Kingdom
544694,85014A,BLACK/BLUE POLKADOT UMBRELLA,6,2011-02-23,5.950,17706,United Kingdom
544694,85014B,RED RETROSPOT UMBRELLA,3,2011-02-23,5.950,17706,United Kingdom
544694,22662,LUNCH BAG DOLLY GIRL DESIGN,10,2011-02-23,1.650,17706,United Kingdom
544694,20728,LUNCH BAG CARS BLUE,10,2011-02-23,1.650,17706,United Kingdom
544694,22779,WOODEN OWLS LIGHT GARLAND ,4,2011-02-23,4.250,17706,United Kingdom
544694,22780,LIGHT GARLAND BUTTERFILES PINK,4,2011-02-23,4.250,17706,United Kingdom
544694,23230,WRAP ALPHABET DESIGN,25,2011-02-23,0.420,17706,United Kingdom
544694,22047,EMPIRE GIFT WRAP,25,2011-02-23,0.420,17706,United Kingdom
544694,22708,WRAP DOLLY GIRL,25,2011-02-23,0.420,17706,United Kingdom
544694,22985,"WRAP, BILLBOARD FONTS DESIGN",25,2011-02-23,0.420,17706,United Kingdom
544694,84879,ASSORTED COLOUR BIRD ORNAMENT,8,2011-02-23,1.690,17706,United Kingdom
544695,84970S,HANGING HEART ZINC T-LIGHT HOLDER,24,2011-02-23,0.850,14276,United Kingdom
544695,84970L,SINGLE HEART ZINC T-LIGHT HOLDER,12,2011-02-23,0.950,14276,United Kingdom
544695,84978,HANGING HEART JAR T-LIGHT HOLDER,12,2011-02-23,1.250,14276,United Kingdom
544695,71459,HANGING JAM JAR T-LIGHT HOLDER,24,2011-02-23,0.850,14276,United Kingdom
544695,22938,CUPCAKE LACE PAPER SET 6,12,2011-02-23,1.950,14276,United Kingdom
544695,22838,3 TIER CAKE TIN RED AND CREAM,3,2011-02-23,14.950,14276,United Kingdom
544695,84991,60 TEATIME FAIRY CAKE CASES,24,2011-02-23,0.550,14276,United Kingdom
544695,84992,72 SWEETHEART FAIRY CAKE CASES,24,2011-02-23,0.550,14276,United Kingdom
544695,21975,PACK OF 60 DINOSAUR CAKE CASES,24,2011-02-23,0.550,14276,United Kingdom
544695,22960,JAM MAKING SET WITH JARS,6,2011-02-23,4.250,14276,United Kingdom
544695,22720,SET OF 3 CAKE TINS PANTRY DESIGN ,3,2011-02-23,4.950,14276,United Kingdom
544695,21915,RED  HARMONICA IN BOX ,12,2011-02-23,1.250,14276,United Kingdom
544695,21937,STRAWBERRY   PICNIC BAG,5,2011-02-23,2.950,14276,United Kingdom
544695,21936,RED RETROSPOT PICNIC BAG,5,2011-02-23,2.950,14276,United Kingdom
544695,20728,LUNCH BAG CARS BLUE,10,2011-02-23,1.650,14276,United Kingdom
544695,22957,SET 3 PAPER VINTAGE CHICK PAPER EGG,6,2011-02-23,2.950,14276,United Kingdom
544695,22967,SET 3 SONG BIRD PAPER EGGS ASSORTED,6,2011-02-23,2.950,14276,United Kingdom
544697,35637A,IVORY STRING CURTAIN WITH POLE ,4,2011-02-23,5.950,13453,United Kingdom
544697,22771,CLEAR DRAWER KNOB ACRYLIC EDWARDIAN,12,2011-02-23,1.250,13453,United Kingdom
544697,22469,HEART OF WICKER SMALL,12,2011-02-23,1.650,13453,United Kingdom
544697,22788,BROCANTE COAT RACK,4,2011-02-23,9.950,13453,United Kingdom
544697,22284,HEN HOUSE DECORATION,24,2011-02-23,1.650,13453,United Kingdom
544697,84050,PINK HEART SHAPE EGG FRYING PAN,12,2011-02-23,1.650,13453,United Kingdom
544697,82482,WOODEN PICTURE FRAME WHITE FINISH,6,2011-02-23,2.550,13453,United Kingdom
544698,22197,SMALL POPCORN HOLDER,360,2011-02-23,0.720,17949,United Kingdom
544699,22197,SMALL POPCORN HOLDER,240,2011-02-23,0.720,17949,United Kingdom
544700,21156,RETROSPOT CHILDRENS APRON,25,2011-02-23,1.950,18041,United Kingdom
544700,22367,CHILDRENS APRON SPACEBOY DESIGN,19,2011-02-23,1.950,18041,United Kingdom
544700,47518F,ICON PLACEMAT POP ART ELVIS,24,2011-02-23,0.420,18041,United Kingdom
544700,22493,PAINT YOUR OWN CANVAS SET,3,2011-02-23,1.650,18041,United Kingdom
544700,21915,RED  HARMONICA IN BOX ,12,2011-02-23,1.250,18041,United Kingdom
544700,21914,BLUE HARMONICA IN BOX ,12,2011-02-23,1.250,18041,United Kingdom
544700,21791,VINTAGE HEADS AND TAILS CARD GAME ,24,2011-02-23,1.250,18041,United Kingdom
544700,21791,VINTAGE HEADS AND TAILS CARD GAME ,24,2011-02-23,1.250,18041,United Kingdom
544700,21704,BAG 250g SWIRLY MARBLES,48,2011-02-23,0.850,18041,United Kingdom
544700,22560,TRADITIONAL MODELLING CLAY,9,2011-02-23,1.250,18041,United Kingdom
544701,22665,RECIPE BOX BLUE SKETCHBOOK DESIGN,6,2011-02-23,2.950,17428,United Kingdom
544701,22993,SET OF 4 PANTRY JELLY MOULDS,12,2011-02-23,1.250,17428,United Kingdom
544701,22961,JAM MAKING SET PRINTED,12,2011-02-23,1.450,17428,United Kingdom
544701,22721,SET OF 3 CAKE TINS SKETCHBOOK,3,2011-02-23,4.950,17428,United Kingdom
544701,21915,RED  HARMONICA IN BOX ,12,2011-02-23,1.250,17428,United Kingdom
544701,22630,DOLLY GIRL LUNCH BOX,12,2011-02-23,1.950,17428,United Kingdom
544701,22780,LIGHT GARLAND BUTTERFILES PINK,4,2011-02-23,4.250,17428,United Kingdom
544701,22652,TRAVEL SEWING KIT,10,2011-02-23,1.650,17428,United Kingdom
544701,22779,WOODEN OWLS LIGHT GARLAND ,4,2011-02-23,4.250,17428,United Kingdom
544701,23233,WRAP POPPIES  DESIGN,25,2011-02-23,0.420,17428,United Kingdom
544701,22815,CARD PSYCHEDELIC APPLES,12,2011-02-23,0.420,17428,United Kingdom
544701,22957,SET 3 PAPER VINTAGE CHICK PAPER EGG,48,2011-02-23,2.550,17428,United Kingdom
544701,22967,SET 3 SONG BIRD PAPER EGGS ASSORTED,48,2011-02-23,2.550,17428,United Kingdom
544701,22813,PACK 3 BOXES BIRD PANNETONE ,24,2011-02-23,1.950,17428,United Kingdom
544701,22698,PINK REGENCY TEACUP AND SAUCER,24,2011-02-23,2.550,17428,United Kingdom
544702,22367,CHILDRENS APRON SPACEBOY DESIGN,8,2011-02-23,1.950,17135,United Kingdom
544702,21975,PACK OF 60 DINOSAUR CAKE CASES,24,2011-02-23,0.550,17135,United Kingdom
544702,21625,VINTAGE UNION JACK APRON,3,2011-02-23,6.950,17135,United Kingdom
544702,21626,VINTAGE UNION JACK PENNANT,12,2011-02-23,1.950,17135,United Kingdom
544702,21231,SWEETHEART CERAMIC TRINKET BOX,36,2011-02-23,1.250,17135,United Kingdom
544702,22064,PINK DOUGHNUT TRINKET POT ,12,2011-02-23,1.650,17135,United Kingdom
544702,21232,STRAWBERRY CERAMIC TRINKET BOX,72,2011-02-23,1.060,17135,United Kingdom
544702,22381,TOY TIDY PINK POLKADOT,5,2011-02-23,2.100,17135,United Kingdom
544702,22138,BAKING SET 9 PIECE RETROSPOT ,3,2011-02-23,4.950,17135,United Kingdom
544702,22617,BAKING SET SPACEBOY DESIGN,3,2011-02-23,4.950,17135,United Kingdom
544702,21494,ROTATING LEAVES T-LIGHT HOLDER,12,2011-02-23,1.250,17135,United Kingdom
544702,47591D,PINK FAIRY CAKE CHILDRENS APRON,8,2011-02-23,1.950,17135,United Kingdom
544717,22431,WATERING CAN BLUE ELEPHANT,12,2011-02-23,1.950,18172,United Kingdom
544717,22432,WATERING CAN PINK BUNNY,12,2011-02-23,1.950,18172,United Kingdom
544717,22502,PICNIC BASKET WICKER SMALL,8,2011-02-23,5.950,18172,United Kingdom
544717,22514,CHILDS GARDEN SPADE BLUE,6,2011-02-23,2.100,18172,United Kingdom
544717,22515,CHILDS GARDEN SPADE PINK,6,2011-02-23,2.100,18172,United Kingdom
544717,22516,CHILDS GARDEN RAKE BLUE,6,2011-02-23,2.100,18172,United Kingdom
544717,22517,CHILDS GARDEN RAKE PINK,6,2011-02-23,2.100,18172,United Kingdom
544717,22518,CHILDS GARDEN BRUSH BLUE,6,2011-02-23,2.100,18172,United Kingdom
544717,22519,CHILDS GARDEN BRUSH PINK,6,2011-02-23,2.100,18172,United Kingdom
544717,22520,CHILDS GARDEN TROWEL BLUE ,12,2011-02-23,0.850,18172,United Kingdom
544717,22521,CHILDS GARDEN TROWEL PINK,12,2011-02-23,0.850,18172,United Kingdom
544717,22524,CHILDRENS GARDEN GLOVES BLUE,10,2011-02-23,1.250,18172,United Kingdom
544717,22525,CHILDRENS GARDEN GLOVES PINK,10,2011-02-23,1.250,18172,United Kingdom
544717,22522,CHILDS GARDEN FORK BLUE ,12,2011-02-23,0.850,18172,United Kingdom
544717,22523,CHILDS GARDEN FORK PINK,12,2011-02-23,0.850,18172,United Kingdom
544717,22991,GIRAFFE WOODEN RULER,12,2011-02-23,1.950,18172,United Kingdom
544717,22992,REVOLVER WOODEN RULER ,12,2011-02-23,1.950,18172,United Kingdom
544717,22561,WOODEN SCHOOL COLOURING SET,24,2011-02-23,1.650,18172,United Kingdom
544717,22560,TRADITIONAL MODELLING CLAY,24,2011-02-23,1.250,18172,United Kingdom
544717,22622,BOX OF VINTAGE ALPHABET BLOCKS,6,2011-02-23,9.950,18172,United Kingdom
544717,84077,WORLD WAR 2 GLIDERS ASSTD DESIGNS,48,2011-02-23,0.290,18172,United Kingdom
544717,20974,12 PENCILS SMALL TUBE SKULL,24,2011-02-23,0.650,18172,United Kingdom
544717,20975,12 PENCILS SMALL TUBE RED RETROSPOT,24,2011-02-23,0.650,18172,United Kingdom
544717,22557,PLASTERS IN TIN VINTAGE PAISLEY ,12,2011-02-23,1.650,18172,United Kingdom
544717,22556,PLASTERS IN TIN CIRCUS PARADE ,12,2011-02-23,1.650,18172,United Kingdom
544717,22551,PLASTERS IN TIN SPACEBOY,12,2011-02-23,1.650,18172,United Kingdom
544717,22751,FELTCRAFT PRINCESS OLIVIA DOLL,8,2011-02-23,3.750,18172,United Kingdom
544717,22750,FELTCRAFT PRINCESS LOLA DOLL,8,2011-02-23,3.750,18172,United Kingdom
544717,22749,FELTCRAFT PRINCESS CHARLOTTE DOLL,8,2011-02-23,3.750,18172,United Kingdom
544717,22149,FELTCRAFT 6 FLOWER FRIENDS,12,2011-02-23,2.100,18172,United Kingdom
544717,22147,FELTCRAFT BUTTERFLY HEARTS,12,2011-02-23,1.450,18172,United Kingdom
544724,22456,NATURAL SLATE CHALKBOARD LARGE ,3,2011-02-23,4.950,15605,United Kingdom
544724,21407,BROWN CHECK CAT DOORSTOP ,6,2011-02-23,4.250,15605,United Kingdom
544724,85152,HAND OVER THE CHOCOLATE   SIGN ,24,2011-02-23,2.100,15605,United Kingdom
544724,22219,LOVEBIRD HANGING DECORATION WHITE ,24,2011-02-23,0.850,15605,United Kingdom
544724,37500,TEA TIME TEAPOT IN GIFT BOX,4,2011-02-23,9.950,15605,United Kingdom
544749,21844,RED RETROSPOT MUG,6,2011-02-23,2.950,15373,United Kingdom
544749,22699,ROSES REGENCY TEACUP AND SAUCER ,4,2011-02-23,2.950,15373,United Kingdom
544749,22698,PINK REGENCY TEACUP AND SAUCER,4,2011-02-23,2.950,15373,United Kingdom
544749,22072,RED RETROSPOT TEA CUP AND SAUCER ,8,2011-02-23,3.750,15373,United Kingdom
544754,20718,RED RETROSPOT SHOPPER BAG,10,2011-02-23,1.250,16394,United Kingdom
544754,21114,LAVENDER SCENTED FABRIC HEART,10,2011-02-23,1.250,16394,United Kingdom
544754,22595,GINGHAM HEART DECORATION,12,2011-02-23,0.850,16394,United Kingdom
544754,85049E,SCANDINAVIAN REDS RIBBONS,12,2011-02-23,1.250,16394,United Kingdom
544754,22079,RIBBON REEL HEARTS DESIGN ,10,2011-02-23,1.650,16394,United Kingdom
544754,21428,SET3 BOOK BOX GREEN GINGHAM FLOWER ,4,2011-02-23,4.250,16394,United Kingdom
544754,21454,PAINTED PINK RABBIT ,12,2011-02-23,0.850,16394,United Kingdom
544754,22228,BUNNY WOODEN PAINTED WITH BIRD ,12,2011-02-23,0.850,16394,United Kingdom
544754,22229,BUNNY WOODEN PAINTED WITH FLOWER ,12,2011-02-23,0.850,16394,United Kingdom
544754,85187,S/12 MINI RABBIT EASTER,6,2011-02-23,1.650,16394,United Kingdom
544754,22995,TRAVEL CARD WALLET SUKI,24,2011-02-23,0.420,16394,United Kingdom
544754,22994,TRAVEL CARD WALLET RETROSPOT,24,2011-02-23,0.420,16394,United Kingdom
544754,23004,TRAVEL CARD WALLET PANTRY,24,2011-02-23,0.420,16394,United Kingdom
544754,22602,RETROSPOT WOODEN HEART DECORATION,12,2011-02-23,0.850,16394,United Kingdom
544754,22855,FINE WICKER HEART ,12,2011-02-23,1.250,16394,United Kingdom
544754,22902,TOTE BAG I LOVE LONDON,12,2011-02-23,2.100,16394,United Kingdom
544754,20717,STRAWBERRY SHOPPER BAG,10,2011-02-23,1.250,16394,United Kingdom
544754,85199L,LARGE HANGING IVORY & RED WOOD BIRD,12,2011-02-23,0.650,16394,United Kingdom
544754,85199S,SMALL HANGING IVORY/RED WOOD BIRD,24,2011-02-23,0.420,16394,United Kingdom
544754,21407,BROWN CHECK CAT DOORSTOP ,3,2011-02-23,4.250,16394,United Kingdom
544754,82581,TOILET METAL SIGN,12,2011-02-23,0.550,16394,United Kingdom
544754,22227,HANGING HEART MIRROR DECORATION ,24,2011-02-23,0.650,16394,United Kingdom
544754,22597,MUSICAL ZINC HEART DECORATION ,12,2011-02-23,0.850,16394,United Kingdom
544754,85129D,BEADED CRYSTAL HEART PINK SMALL,12,2011-02-23,1.250,16394,United Kingdom
544754,22997,TRAVEL CARD WALLET UNION JACK,24,2011-02-23,0.420,16394,United Kingdom
544754,21980,PACK OF 12 RED RETROSPOT TISSUES ,24,2011-02-23,0.290,16394,United Kingdom
544766,22197,SMALL POPCORN HOLDER,3,2011-02-23,1.630,,United Kingdom
544766,22294,HEART FILIGREE DOVE  SMALL,4,2011-02-23,2.460,,United Kingdom
544766,22771,CLEAR DRAWER KNOB ACRYLIC EDWARDIAN,4,2011-02-23,2.460,,United Kingdom
544766,84347,ROTATING SILVER ANGELS T-LIGHT HLDR,3,2011-02-23,5.790,,United Kingdom
544766,85099C,JUMBO  BAG BAROQUE BLACK WHITE,3,2011-02-23,4.130,,United Kingdom
544766,20713,JUMBO BAG OWLS,3,2011-02-23,4.130,,United Kingdom
544766,20725,LUNCH BAG RED RETROSPOT,4,2011-02-23,4.960,,United Kingdom
544766,21928,JUMBO BAG SCANDINAVIAN PAISLEY,5,2011-02-23,4.130,,United Kingdom
544767,20712,JUMBO BAG WOODLAND ANIMALS,4,2011-02-23,4.130,,United Kingdom
544767,22131,FOOD CONTAINER SET 3 LOVE HEART ,3,2011-02-23,4.130,,United Kingdom
544767,22469,HEART OF WICKER SMALL,3,2011-02-23,4.130,,United Kingdom
544767,22524,CHILDRENS GARDEN GLOVES BLUE,4,2011-02-23,3.290,,United Kingdom
544767,22719,GUMBALL MONOCHROME COAT RACK,4,2011-02-23,2.460,,United Kingdom
544767,22775,PURPLE DRAWERKNOB ACRYLIC EDWARDIAN,6,2011-02-23,2.460,,United Kingdom
544768,20712,JUMBO BAG WOODLAND ANIMALS,3,2011-02-23,4.130,,United Kingdom
544768,20713,JUMBO BAG OWLS,3,2011-02-23,4.130,,United Kingdom
544768,21559,STRAWBERRY LUNCH BOX WITH CUTLERY,3,2011-02-23,4.960,,United Kingdom
544768,22411,JUMBO SHOPPER VINTAGE RED PAISLEY,3,2011-02-23,4.130,,United Kingdom
544768,22699,ROSES REGENCY TEACUP AND SAUCER ,5,2011-02-23,5.790,,United Kingdom
544768,82600,NO SINGING METAL SIGN,3,2011-02-23,4.130,,United Kingdom
544768,85099B,JUMBO BAG RED RETROSPOT,7,2011-02-23,4.130,,United Kingdom
544769,22333,RETROSPOT PARTY BAG + STICKER SET,48,2011-02-23,1.450,16422,United Kingdom
544769,21207,SKULL AND CROSSBONES  GARLAND ,48,2011-02-23,1.450,16422,United Kingdom
544769,21380,WOODEN HAPPY BIRTHDAY GARLAND,6,2011-02-23,2.950,16422,United Kingdom
544769,47599A,PINK PARTY BAGS,144,2011-02-23,1.690,16422,United Kingdom
544769,22084,PAPER CHAIN KIT EMPIRE,6,2011-02-23,2.950,16422,United Kingdom
544770,20713,JUMBO BAG OWLS,4,2011-02-23,4.130,,United Kingdom
544770,21974,SET OF 36 PAISLEY FLOWER DOILIES,3,2011-02-23,3.750,,United Kingdom
544770,82580,BATHROOM METAL SIGN,3,2011-02-23,1.250,,United Kingdom
544771,22386,JUMBO BAG PINK POLKADOT,4,2011-02-23,4.130,,United Kingdom
544771,85099B,JUMBO BAG RED RETROSPOT,12,2011-02-23,4.130,,United Kingdom
544771,85099C,JUMBO  BAG BAROQUE BLACK WHITE,3,2011-02-23,4.130,,United Kingdom
544771,20712,JUMBO BAG WOODLAND ANIMALS,6,2011-02-23,4.130,,United Kingdom
544771,20713,JUMBO BAG OWLS,6,2011-02-23,4.130,,United Kingdom
544771,21928,JUMBO BAG SCANDINAVIAN BLUE PAISLEY,5,2011-02-23,4.130,,United Kingdom
544771,22219,LOVEBIRD HANGING DECORATION WHITE ,3,2011-02-23,1.630,,United Kingdom
544772,22197,SMALL POPCORN HOLDER,7,2011-02-23,1.630,,United Kingdom
544772,22502,PICNIC BASKET WICKER SMALL,4,2011-02-23,8.290,,United Kingdom
544772,85099B,JUMBO BAG RED RETROSPOT,4,2011-02-23,4.130,,United Kingdom
544772,85099C,JUMBO  BAG BAROQUE BLACK WHITE,4,2011-02-23,4.130,,United Kingdom
544772,20712,JUMBO BAG WOODLAND ANIMALS,4,2011-02-23,4.130,,United Kingdom
544774,22138,BAKING SET 9 PIECE RETROSPOT ,3,2011-02-23,4.950,17711,United Kingdom
544774,22139,RETROSPOT TEA SET CERAMIC 11 PC ,6,2011-02-23,4.950,17711,United Kingdom
544774,21382,SET/4 SPRING FLOWER DECORATION,6,2011-02-23,2.950,17711,United Kingdom
544774,21455,PAINTED YELLOW WOODEN DAISY,12,2011-02-23,0.850,17711,United Kingdom
544774,22228,BUNNY WOODEN PAINTED WITH BIRD ,12,2011-02-23,0.850,17711,United Kingdom
544774,21454,PAINTED PINK RABBIT ,12,2011-02-23,0.850,17711,United Kingdom
544774,22743,MAKE YOUR OWN FLOWERPOWER CARD KIT,6,2011-02-23,2.950,17711,United Kingdom
544774,15036,ASSORTED COLOURS SILK FAN,12,2011-02-23,0.750,17711,United Kingdom
544774,21381,MINI WOODEN HAPPY BIRTHDAY GARLAND,12,2011-02-23,1.690,17711,United Kingdom
544774,21181,PLEASE ONE PERSON METAL SIGN,12,2011-02-23,2.100,17711,United Kingdom
544774,21164,HOME SWEET HOME METAL SIGN ,6,2011-02-23,2.950,17711,United Kingdom
544774,21470,FLOWER VINE RAFFIA FOOD COVER,6,2011-02-23,3.750,17711,United Kingdom
544776,21154,RED RETROSPOT OVEN GLOVE ,16,2011-02-23,3.290,,United Kingdom
544776,21155,RED RETROSPOT PEG BAG,7,2011-02-23,4.960,,United Kingdom
544776,21212,PACK OF 72 RETROSPOT CAKE CASES,8,2011-02-23,2.080,,United Kingdom
544776,21213,PACK OF 72 SKULL CAKE CASES,4,2011-02-23,2.080,,United Kingdom
544776,21215,IVORY PAPER CUP CAKE CASES ,15,2011-02-23,1.250,,United Kingdom
544776,21232,STRAWBERRY CERAMIC TRINKET BOX,13,2011-02-23,3.290,,United Kingdom
544776,21238,RED RETROSPOT CUP,4,2011-02-23,1.630,,United Kingdom
544776,21239,PINK  POLKADOT CUP,3,2011-02-23,1.630,,United Kingdom
544776,21240,BLUE POLKADOT CUP,4,2011-02-23,1.630,,United Kingdom
544776,21242,RED RETROSPOT PLATE ,6,2011-02-23,3.290,,United Kingdom
544776,21329,DINOSAURS  WRITING SET ,3,2011-02-23,3.290,,United Kingdom
544776,21424,WOODLAND STORAGE BOX LARGE ,9,2011-02-23,6.630,,United Kingdom
544776,21556,CERAMIC STRAWBERRY MONEY BOX,3,2011-02-23,4.130,,United Kingdom
544776,21621,VINTAGE UNION JACK BUNTING,6,2011-02-23,12.460,,United Kingdom
544776,21731,RED TOADSTOOL LED NIGHT LIGHT,9,2011-02-23,4.130,,United Kingdom
544776,21864,UNION JACK FLAG PASSPORT COVER ,3,2011-02-23,4.130,,United Kingdom
544776,21866,UNION JACK FLAG LUGGAGE TAG,6,2011-02-23,3.290,,United Kingdom
544776,21929,JUMBO BAG PINK VINTAGE PAISLEY,20,2011-02-23,4.960,,United Kingdom
544776,21955,DOORMAT UNION JACK GUNS AND ROSES,3,2011-02-23,12.460,,United Kingdom
544776,21989,PACK OF 20 SKULL PAPER NAPKINS,3,2011-02-23,1.630,,United Kingdom
544776,22074,6 RIBBONS SHIMMERING PINKS ,4,2011-02-23,2.460,,United Kingdom
544776,22077,6 RIBBONS RUSTIC CHARM,3,2011-02-23,4.130,,United Kingdom
544776,22088,PAPER BUNTING COLOURED LACE,5,2011-02-23,4.130,,United Kingdom
544776,22151,PLACE SETTING WHITE HEART,9,2011-02-23,1.630,,United Kingdom
544776,22174,PHOTO CUBE,3,2011-02-23,4.130,,United Kingdom
544776,22326,ROUND SNACK BOXES SET OF4 WOODLAND ,3,2011-02-23,6.630,,United Kingdom
544776,22327,ROUND SNACK BOXES SET OF 4 SKULLS,5,2011-02-23,6.630,,United Kingdom
544776,22328,ROUND SNACK BOXES SET OF 4 FRUITS ,4,2011-02-23,4.130,,United Kingdom
544776,22355,CHARLOTTE BAG SUKI DESIGN,102,2011-02-23,2.460,,United Kingdom
544776,22356,CHARLOTTE BAG PINK POLKADOT,21,2011-02-23,2.460,,United Kingdom
544776,22423,REGENCY CAKESTAND 3 TIER,11,2011-02-23,24.960,,United Kingdom
544776,22499,WOODEN UNION JACK BUNTING,4,2011-02-23,8.290,,United Kingdom
544776,22625,RED KITCHEN SCALES,3,2011-02-23,16.630,,United Kingdom
544776,22637,PIGGY BANK RETROSPOT ,3,2011-02-23,5.790,,United Kingdom
544776,22645,CERAMIC HEART FAIRY CAKE MONEY BANK,4,2011-02-23,4.130,,United Kingdom
544776,22652,TRAVEL SEWING KIT,4,2011-02-23,4.130,,United Kingdom
544776,22666,RECIPE BOX PANTRY YELLOW DESIGN,5,2011-02-23,6.630,,United Kingdom
544776,22694,WICKER STAR ,5,2011-02-23,3.290,,United Kingdom
544776,22727,ALARM CLOCK BAKELIKE RED ,4,2011-02-23,8.290,,United Kingdom
544776,22728,ALARM CLOCK BAKELIKE PINK,4,2011-02-23,8.290,,United Kingdom
544776,22898,CHILDRENS APRON APPLES DESIGN,4,2011-02-23,4.960,,United Kingdom
544776,47566,PARTY BUNTING,8,2011-02-23,10.790,,United Kingdom
544776,82583,HOT BATHS METAL SIGN,17,2011-02-23,4.960,,United Kingdom
544776,84029E,RED WOOLLY HOTTIE WHITE HEART.,4,2011-02-23,7.460,,United Kingdom
544776,84029G,KNITTED UNION FLAG HOT WATER BOTTLE,5,2011-02-23,8.290,,United Kingdom
544776,84030e,ENGLISH ROSE HOT WATER BOTTLE,3,2011-02-23,8.290,,United Kingdom
544776,84380,SET OF 3 BUTTERFLY COOKIE CUTTERS,15,2011-02-23,3.290,,United Kingdom
544776,84692,BOX OF 24 COCKTAIL PARASOLS,8,2011-02-23,1.630,,United Kingdom
544776,84991,60 TEATIME FAIRY CAKE CASES,7,2011-02-23,1.250,,United Kingdom
544776,84997c,CHILDRENS CUTLERY POLKADOT BLUE,4,2011-02-23,8.290,,United Kingdom
544776,84997d,CHILDRENS CUTLERY POLKADOT PINK,5,2011-02-23,8.290,,United Kingdom
544776,20675,BLUE POLKADOT BOWL,5,2011-02-23,2.460,,United Kingdom
544776,20677,PINK POLKADOT BOWL,3,2011-02-23,2.460,,United Kingdom
544776,20717,STRAWBERRY SHOPPER BAG,6,2011-02-23,2.460,,United Kingdom
544776,20719,WOODLAND CHARLOTTE BAG,40,2011-02-23,2.460,,United Kingdom
544776,20723,STRAWBERRY CHARLOTTE BAG,18,2011-02-23,2.460,,United Kingdom
544776,20724,RED RETROSPOT CHARLOTTE BAG,29,2011-02-23,2.460,,United Kingdom
544776,20728,LUNCH BAG CARS BLUE,12,2011-02-23,4.130,,United Kingdom
544776,20734,SILVER MINI TAPE MEASURE ,6,2011-02-23,1.630,,United Kingdom
544777,22355,CHARLOTTE BAG SUKI DESIGN,100,2011-02-23,0.720,15311,United Kingdom
544777,22171,3 HOOK PHOTO SHELF ANTIQUE WHITE,12,2011-02-23,7.650,15311,United Kingdom
544777,84509A,SET OF 4 ENGLISH ROSE PLACEMATS,24,2011-02-23,2.950,15311,United Kingdom
544777,22772,PINK DRAWER KNOB ACRYLIC EDWARDIAN,192,2011-02-23,1.060,15311,United Kingdom
544777,21671,RED SPOT CERAMIC DRAWER KNOB,96,2011-02-23,1.060,15311,United Kingdom
544777,21672,WHITE SPOT RED CERAMIC DRAWER KNOB,96,2011-02-23,1.060,15311,United Kingdom
544777,84832,ZINC WILLIE WINKIE  CANDLE STICK,3,2011-02-23,0.850,15311,United Kingdom
544777,85188A,GREEN METAL SWINGING BUNNY,4,2011-02-23,0.850,15311,United Kingdom
544778,48173C,DOORMAT BLACK FLOCK ,3,2011-02-23,7.950,14978,United Kingdom
544778,48138,DOORMAT UNION FLAG,4,2011-02-23,7.950,14978,United Kingdom
544778,21497,FANCY FONTS BIRTHDAY WRAP,25,2011-02-23,0.420,14978,United Kingdom
544778,22759,SET OF 3 NOTEBOOKS IN PARCEL,12,2011-02-23,1.650,14978,United Kingdom
544778,21692,SILVER LATTICE VANILLA CANDLE POT,3,2011-02-23,3.750,14978,United Kingdom
544778,21688,SILVER PLATE CANDLE BOWL SMALL,6,2011-02-23,2.950,14978,United Kingdom
544778,21695,SMALL SILVER FLOWER CANDLE POT,3,2011-02-23,2.950,14978,United Kingdom
544778,21693,SMALL HAMMERED SILVER CANDLEPOT ,3,2011-02-23,2.950,14978,United Kingdom
544778,22090,PAPER BUNTING RETROSPOT,3,2011-02-23,2.950,14978,United Kingdom
544779,22178,VICTORIAN GLASS HANGING T-LIGHT,12,2011-02-23,1.250,13865,United Kingdom
544779,22425,ENAMEL COLANDER CREAM,3,2011-02-23,4.950,13865,United Kingdom
544779,22697,GREEN REGENCY TEACUP AND SAUCER,6,2011-02-23,2.950,13865,United Kingdom
544779,22698,PINK REGENCY TEACUP AND SAUCER,6,2011-02-23,2.950,13865,United Kingdom
544779,22077,6 RIBBONS RUSTIC CHARM,12,2011-02-23,1.650,13865,United Kingdom
544788,21498,RED RETROSPOT WRAP ,25,2011-02-23,0.420,13089,United Kingdom
544788,85099B,JUMBO BAG RED RETROSPOT,10,2011-02-23,1.950,13089,United Kingdom
544788,22488,NATURAL SLATE RECTANGLE CHALKBOARD,12,2011-02-23,1.650,13089,United Kingdom
544788,22457,NATURAL SLATE HEART CHALKBOARD ,6,2011-02-23,2.950,13089,United Kingdom
544788,21673,WHITE SPOT BLUE CERAMIC DRAWER KNOB,12,2011-02-23,1.250,13089,United Kingdom
544788,21669,BLUE STRIPE CERAMIC DRAWER KNOB,12,2011-02-23,1.250,13089,United Kingdom
544788,21668,RED STRIPE CERAMIC DRAWER KNOB,12,2011-02-23,1.250,13089,United Kingdom
544788,20718,RED RETROSPOT SHOPPER BAG,10,2011-02-23,1.250,13089,United Kingdom
544788,20669,RED HEART LUGGAGE TAG,12,2011-02-23,1.250,13089,United Kingdom
544788,82581,TOILET METAL SIGN,12,2011-02-23,0.550,13089,United Kingdom
544788,21114,LAVENDER SCENTED FABRIC HEART,10,2011-02-23,1.250,13089,United Kingdom
544788,22984,CARD GINGHAM ROSE ,12,2011-02-23,0.420,13089,United Kingdom
544788,22819,"BIRTHDAY CARD, RETRO SPOT",12,2011-02-23,0.420,13089,United Kingdom
544788,22718,CARD CAT AND TREE ,12,2011-02-23,0.420,13089,United Kingdom
544788,22717,CARD DOG AND BALL ,12,2011-02-23,0.420,13089,United Kingdom
544788,21509,COWBOYS AND INDIANS BIRTHDAY CARD ,12,2011-02-23,0.420,13089,United Kingdom
544788,21508,VINTAGE KID DOLLY CARD ,12,2011-02-23,0.420,13089,United Kingdom
544788,22027,TEA PARTY BIRTHDAY CARD,12,2011-02-23,0.420,13089,United Kingdom
544788,22814,CARD PARTY GAMES ,12,2011-02-23,0.420,13089,United Kingdom
544788,22028,PENNY FARTHING BIRTHDAY CARD,12,2011-02-23,0.420,13089,United Kingdom
544788,22024,RAINY LADIES BIRTHDAY CARD,12,2011-02-23,0.420,13089,United Kingdom
544788,22029,SPACEBOY BIRTHDAY CARD,12,2011-02-23,0.420,13089,United Kingdom
544788,16161P,WRAP ENGLISH ROSE ,25,2011-02-23,0.420,13089,United Kingdom
544788,21500,PINK POLKADOT WRAP ,25,2011-02-23,0.420,13089,United Kingdom
544788,21499,BLUE POLKADOT WRAP,25,2011-02-23,0.420,13089,United Kingdom
544788,22040,BOTANICAL ROSE GIFT WRAP,25,2011-02-23,0.420,13089,United Kingdom
544788,21495,SKULLS AND CROSSBONES WRAP,25,2011-02-23,0.420,13089,United Kingdom
544788,22046,TEA PARTY  WRAPPING PAPER ,25,2011-02-23,0.420,13089,United Kingdom
544788,22048,BIRTHDAY BANQUET GIFT WRAP,25,2011-02-23,0.420,13089,United Kingdom
544788,21497,FANCY FONTS BIRTHDAY WRAP,25,2011-02-23,0.420,13089,United Kingdom
544788,22985,"WRAP, BILLBOARD FONTS DESIGN",25,2011-02-23,0.420,13089,United Kingdom
544788,22983,CARD BILLBOARD FONT,12,2011-02-23,0.420,13089,United Kingdom
544788,16156S,WRAP PINK FAIRY CAKES ,25,2011-02-23,0.420,13089,United Kingdom
544788,21506,"FANCY FONT BIRTHDAY CARD, ",12,2011-02-23,0.420,13089,United Kingdom
544788,22716,CARD CIRCUS PARADE,12,2011-02-23,0.420,13089,United Kingdom
544789,21210,SET OF 72 RETROSPOT PAPER  DOILIES,12,2011-02-23,1.450,13993,United Kingdom
544789,22960,JAM MAKING SET WITH JARS,6,2011-02-23,4.250,13993,United Kingdom
544789,22961,JAM MAKING SET PRINTED,12,2011-02-23,1.450,13993,United Kingdom
544789,22896,PEG BAG APPLES DESIGN,6,2011-02-23,2.550,13993,United Kingdom
544789,21155,RED RETROSPOT PEG BAG,6,2011-02-23,2.550,13993,United Kingdom
544789,21218,RED SPOTTY BISCUIT TIN,6,2011-02-23,3.750,13993,United Kingdom
544789,21216,"SET 3 RETROSPOT TEA,COFFEE,SUGAR",4,2011-02-23,4.950,13993,United Kingdom
544789,84509A,SET OF 4 ENGLISH ROSE PLACEMATS,4,2011-02-23,3.750,13993,United Kingdom
544789,84078A,SET/4 WHITE RETRO STORAGE CUBES ,4,2011-02-23,34.950,13993,United Kingdom
544789,22120,WELCOME  WOODEN BLOCK LETTERS,3,2011-02-23,9.950,13993,United Kingdom
544789,22457,NATURAL SLATE HEART CHALKBOARD ,6,2011-02-23,2.950,13993,United Kingdom
544789,22784,LANTERN CREAM GAZEBO ,6,2011-02-23,4.950,13993,United Kingdom
544789,84988,SET OF 72 PINK HEART PAPER DOILIES,12,2011-02-23,1.450,13993,United Kingdom
544790,22249,DECORATION WHITE CHICK MAGIC GARDEN,13,2011-02-23,0.850,16940,United Kingdom
544790,22248,DECORATION  PINK CHICK MAGIC GARDEN,13,2011-02-23,0.850,16940,United Kingdom
544790,21240,BLUE POLKADOT CUP,8,2011-02-23,0.850,16940,United Kingdom
544790,22266,EASTER DECORATION HANGING BUNNY,6,2011-02-23,0.650,16940,United Kingdom
544790,35920,FOUR RABBIT EASTER DECORATIONS,6,2011-02-23,1.250,16940,United Kingdom
544790,85187,S/12 MINI RABBIT EASTER,6,2011-02-23,1.650,16940,United Kingdom
544790,22245,"HOOK, 1 HANGER ,MAGIC GARDEN",12,2011-02-23,0.850,16940,United Kingdom
544790,22244,3 HOOK HANGER MAGIC GARDEN,6,2011-02-23,1.950,16940,United Kingdom
544790,85199S,SMALL HANGING IVORY/RED WOOD BIRD,26,2011-02-23,0.420,16940,United Kingdom
544790,85202,HANGING WOOD AND FELT HEART,12,2011-02-23,0.420,16940,United Kingdom
544790,85194S,HANGING SPRING FLOWER EGG SMALL,12,2011-02-23,0.650,16940,United Kingdom
544790,22754,SMALL RED BABUSHKA NOTEBOOK ,6,2011-02-23,0.850,16940,United Kingdom
544790,22753,SMALL YELLOW BABUSHKA NOTEBOOK ,6,2011-02-23,0.850,16940,United Kingdom
544790,22367,CHILDRENS APRON SPACEBOY DESIGN,6,2011-02-23,1.950,16940,United Kingdom
544790,22896,PEG BAG APPLES DESIGN,4,2011-02-23,2.550,16940,United Kingdom
544790,22895,SET OF 2 TEA TOWELS APPLE AND PEARS,4,2011-02-23,2.950,16940,United Kingdom
544790,21042,RED RETROSPOT APRON ,3,2011-02-23,5.950,16940,United Kingdom
544790,21041,RED RETROSPOT OVEN GLOVE DOUBLE,4,2011-02-23,2.950,16940,United Kingdom
544790,47591D,PINK FAIRY CAKE CHILDRENS APRON,6,2011-02-23,1.950,16940,United Kingdom
544790,21156,RETROSPOT CHILDRENS APRON,4,2011-02-23,1.950,16940,United Kingdom
544790,22899,CHILDREN'S APRON DOLLY GIRL ,6,2011-02-23,2.100,16940,United Kingdom
544790,21985,PACK OF 12 HEARTS DESIGN TISSUES ,12,2011-02-23,0.290,16940,United Kingdom
544790,20754,RETROSPOT RED WASHING UP GLOVES,6,2011-02-23,2.100,16940,United Kingdom
544790,47567B,TEA TIME KITCHEN APRON,4,2011-02-23,5.950,16940,United Kingdom
544790,22419,LIPSTICK PEN RED,8,2011-02-23,0.420,16940,United Kingdom
544790,22421,LIPSTICK PEN FUSCHIA,7,2011-02-23,0.420,16940,United Kingdom
544790,22420,LIPSTICK PEN BABY PINK,6,2011-02-23,0.420,16940,United Kingdom
544790,22196,SMALL HEART MEASURING SPOONS,7,2011-02-23,0.850,16940,United Kingdom
544790,20675,BLUE POLKADOT BOWL,8,2011-02-23,1.250,16940,United Kingdom
544790,20676,RED RETROSPOT BOWL,8,2011-02-23,1.250,16940,United Kingdom
544790,22197,SMALL POPCORN HOLDER,12,2011-02-23,0.850,16940,United Kingdom
544790,22897,OVEN MITT APPLES DESIGN,4,2011-02-23,1.450,16940,United Kingdom
544790,21329,DINOSAURS  WRITING SET ,3,2011-02-23,1.650,16940,United Kingdom
544790,21328,BALLOONS  WRITING SET ,3,2011-02-23,1.650,16940,United Kingdom
544790,22078,RIBBON REEL LACE DESIGN ,5,2011-02-23,2.100,16940,United Kingdom
544790,22082,RIBBON REEL STRIPES DESIGN ,5,2011-02-23,1.650,16940,United Kingdom
544790,21238,RED RETROSPOT CUP,9,2011-02-23,0.850,16940,United Kingdom
544790,22079,RIBBON REEL HEARTS DESIGN ,5,2011-02-23,1.650,16940,United Kingdom
544790,22081,RIBBON REEL FLORA + FAUNA ,5,2011-02-23,1.650,16940,United Kingdom
544790,22077,6 RIBBONS RUSTIC CHARM,4,2011-02-23,1.650,16940,United Kingdom
544790,21673,WHITE SPOT BLUE CERAMIC DRAWER KNOB,18,2011-02-23,1.250,16940,United Kingdom
544790,21670,BLUE SPOT CERAMIC DRAWER KNOB,18,2011-02-23,1.250,16940,United Kingdom
544790,21672,WHITE SPOT RED CERAMIC DRAWER KNOB,18,2011-02-23,1.250,16940,United Kingdom
544790,21671,RED SPOT CERAMIC DRAWER KNOB,24,2011-02-23,1.250,16940,United Kingdom
544790,22666,RECIPE BOX PANTRY YELLOW DESIGN,3,2011-02-23,2.950,16940,United Kingdom
544790,22667,RECIPE BOX RETROSPOT ,3,2011-02-23,2.950,16940,United Kingdom
544790,22467,GUMBALL COAT RACK,5,2011-02-23,2.550,16940,United Kingdom
544790,21983,PACK OF 12 BLUE PAISLEY TISSUES ,12,2011-02-23,0.290,16940,United Kingdom
544790,21981,PACK OF 12 WOODLAND TISSUES ,12,2011-02-23,0.290,16940,United Kingdom
544790,21982,PACK OF 12 SUKI TISSUES ,12,2011-02-23,0.290,16940,United Kingdom
544790,21980,PACK OF 12 RED RETROSPOT TISSUES ,12,2011-02-23,0.290,16940,United Kingdom
544790,21986,PACK OF 12 PINK POLKADOT TISSUES,12,2011-02-23,0.290,16940,United Kingdom
544790,85123A,WHITE HANGING HEART T-LIGHT HOLDER,6,2011-02-23,2.950,16940,United Kingdom
544790,21935,SUKI  SHOULDER BAG,5,2011-02-23,1.650,16940,United Kingdom
544790,22379,RECYCLING BAG RETROSPOT ,6,2011-02-23,2.100,16940,United Kingdom
544790,85099B,JUMBO BAG RED RETROSPOT,4,2011-02-23,1.950,16940,United Kingdom
544790,21931,JUMBO STORAGE BAG SUKI,4,2011-02-23,1.950,16940,United Kingdom
544790,20713,JUMBO BAG OWLS,4,2011-02-23,1.950,16940,United Kingdom
544790,22411,JUMBO SHOPPER VINTAGE RED PAISLEY,6,2011-02-23,1.950,16940,United Kingdom
544790,22385,JUMBO BAG SPACEBOY DESIGN,4,2011-02-23,1.950,16940,United Kingdom
544790,20719,WOODLAND CHARLOTTE BAG,6,2011-02-23,0.850,16940,United Kingdom
544790,20728,LUNCH BAG CARS BLUE,4,2011-02-23,1.650,16940,United Kingdom
544790,20727,LUNCH BAG  BLACK SKULL.,4,2011-02-23,1.650,16940,United Kingdom
544790,22383,LUNCH BAG SUKI DESIGN ,6,2011-02-23,1.650,16940,United Kingdom
544790,20726,LUNCH BAG WOODLAND,6,2011-02-23,1.650,16940,United Kingdom
544790,20724,RED RETROSPOT CHARLOTTE BAG,6,2011-02-23,0.850,16940,United Kingdom
544790,22904,CALENDAR PAPER CUT DESIGN,5,2011-02-23,2.950,16940,United Kingdom
544790,47566B,TEA TIME PARTY BUNTING,6,2011-02-23,4.950,16940,United Kingdom
544790,47566,PARTY BUNTING,4,2011-02-23,4.950,16940,United Kingdom
544791,20931,BLUE POT PLANT CANDLE ,4,2011-02-23,3.750,14289,United Kingdom
544791,21773,DECORATIVE ROSE BATHROOM BOTTLE,12,2011-02-23,1.250,14289,United Kingdom
544791,20934,SET/3 POT PLANT CANDLES,4,2011-02-23,5.450,14289,United Kingdom
544791,85172,HYACINTH BULB T-LIGHT CANDLES,16,2011-02-23,0.420,14289,United Kingdom
544791,22807,SET OF 6 T-LIGHTS TOADSTOOLS,6,2011-02-23,2.950,14289,United Kingdom
544791,85175,CACTI T-LIGHT CANDLES,16,2011-02-23,0.420,14289,United Kingdom
544791,21285,RETROSPOT CANDLE  MEDIUM,12,2011-02-23,2.100,14289,United Kingdom
544791,22693,GROW A FLYTRAP OR SUNFLOWER IN TIN,24,2011-02-23,1.250,14289,United Kingdom
544791,22457,NATURAL SLATE HEART CHALKBOARD ,6,2011-02-23,2.950,14289,United Kingdom
544791,22759,SET OF 3 NOTEBOOKS IN PARCEL,12,2011-02-23,1.650,14289,United Kingdom
544791,84970S,HANGING HEART ZINC T-LIGHT HOLDER,12,2011-02-23,0.850,14289,United Kingdom
544791,21564,PINK  HEART SHAPE LOVE BUCKET ,6,2011-02-23,2.950,14289,United Kingdom
544791,21563,RED HEART SHAPE LOVE BUCKET ,6,2011-02-23,2.950,14289,United Kingdom
544792,84879,ASSORTED COLOUR BIRD ORNAMENT,24,2011-02-23,1.690,18172,United Kingdom
544792,22424,ENAMEL BREAD BIN CREAM,4,2011-02-23,12.750,18172,United Kingdom
544792,22429,ENAMEL MEASURING JUG CREAM,8,2011-02-23,4.250,18172,United Kingdom
544792,85053,FRENCH ENAMEL CANDLEHOLDER,6,2011-02-23,2.100,18172,United Kingdom
544792,22838,3 TIER CAKE TIN RED AND CREAM,4,2011-02-23,14.950,18172,United Kingdom
544792,22841,ROUND CAKE TIN VINTAGE GREEN,4,2011-02-23,7.950,18172,United Kingdom
544792,22842,BISCUIT TIN VINTAGE RED,12,2011-02-23,5.950,18172,United Kingdom
544792,22843,BISCUIT TIN VINTAGE GREEN,12,2011-02-23,5.950,18172,United Kingdom
544792,22729,ALARM CLOCK BAKELIKE ORANGE,8,2011-02-23,3.750,18172,United Kingdom
544792,22726,ALARM CLOCK BAKELIKE GREEN,8,2011-02-23,3.750,18172,United Kingdom
544792,22727,ALARM CLOCK BAKELIKE RED ,8,2011-02-23,3.750,18172,United Kingdom
544792,22730,ALARM CLOCK BAKELIKE IVORY,8,2011-02-23,3.750,18172,United Kingdom
544792,22804,CANDLEHOLDER PINK HANGING HEART,32,2011-02-23,2.550,18172,United Kingdom
544792,22993,SET OF 4 PANTRY JELLY MOULDS,12,2011-02-23,1.250,18172,United Kingdom
544792,22980,PANTRY SCRUBBING BRUSH,12,2011-02-23,1.650,18172,United Kingdom
544792,22813,PACK 3 BOXES BIRD PANNETONE ,12,2011-02-23,1.950,18172,United Kingdom
544792,22583,PACK OF 6 HANDBAG GIFT BOXES,12,2011-02-23,2.550,18172,United Kingdom
544792,22584,PACK OF 6 PANNETONE GIFT BOXES,12,2011-02-23,2.550,18172,United Kingdom
544792,22129,PARTY CONES CANDY TREE DECORATION,24,2011-02-23,0.850,18172,United Kingdom
544792,22967,SET 3 SONG BIRD PAPER EGGS ASSORTED,6,2011-02-23,2.950,18172,United Kingdom
544792,22860,EASTER TIN CHICKS PINK DAISY,12,2011-02-23,1.650,18172,United Kingdom
544792,22858,EASTER TIN KEEPSAKE,12,2011-02-23,1.650,18172,United Kingdom
544792,21621,VINTAGE UNION JACK BUNTING,24,2011-02-23,8.500,18172,United Kingdom
544792,48194,DOORMAT HEARTS,4,2011-02-23,7.950,18172,United Kingdom
544792,48138,DOORMAT UNION FLAG,6,2011-02-23,7.950,18172,United Kingdom
544792,85123A,WHITE HANGING HEART T-LIGHT HOLDER,32,2011-02-23,2.550,18172,United Kingdom
544792,82483,WOOD 2 DRAWER CABINET WHITE FINISH,16,2011-02-23,5.950,18172,United Kingdom
544792,82486,WOOD S/3 CABINET ANT WHITE FINISH,12,2011-02-23,8.150,18172,United Kingdom
544793,72232,FENG SHUI PILLAR CANDLE,1152,2011-02-23,0.190,13694,United Kingdom
544794,21340,CLASSIC METAL BIRDCAGE PLANT HOLDER,8,2011-02-23,9.950,13854,United Kingdom
544794,47566,PARTY BUNTING,50,2011-02-23,4.150,13854,United Kingdom
544794,21430,SET/3 RED GINGHAM ROSE STORAGE BOX,24,2011-02-23,3.390,13854,United Kingdom
544795,22983,CARD BILLBOARD FONT,24,2011-02-23,0.420,15858,United Kingdom
544795,22037,ROBOT BIRTHDAY CARD,12,2011-02-23,0.420,15858,United Kingdom
544795,21509,COWBOYS AND INDIANS BIRTHDAY CARD ,12,2011-02-23,0.420,15858,United Kingdom
544795,21507,"ELEPHANT, BIRTHDAY CARD, ",12,2011-02-23,0.420,15858,United Kingdom
544795,22715,CARD WEDDING DAY,12,2011-02-23,0.420,15858,United Kingdom
544795,22713,CARD I LOVE LONDON ,24,2011-02-23,0.420,15858,United Kingdom
544795,22023,EMPIRE BIRTHDAY CARD,24,2011-02-23,0.420,15858,United Kingdom
544795,22817,CARD SUKI BIRTHDAY,24,2011-02-23,0.420,15858,United Kingdom
544795,21506,"FANCY FONT BIRTHDAY CARD, ",36,2011-02-23,0.420,15858,United Kingdom
544795,22026,BANQUET BIRTHDAY  CARD  ,24,2011-02-23,0.420,15858,United Kingdom
544795,22778,GLASS CLOCHE SMALL,3,2011-02-23,3.950,15858,United Kingdom
544795,22777,GLASS CLOCHE LARGE,3,2011-02-23,8.500,15858,United Kingdom
544795,22860,EASTER TIN CHICKS PINK DAISY,3,2011-02-23,1.650,15858,United Kingdom
544795,22957,SET 3 PAPER VINTAGE CHICK PAPER EGG,7,2011-02-23,2.950,15858,United Kingdom
544795,21497,FANCY FONTS BIRTHDAY WRAP,25,2011-02-23,0.420,15858,United Kingdom
544795,22048,BIRTHDAY BANQUET GIFT WRAP,25,2011-02-23,0.420,15858,United Kingdom
544795,22047,EMPIRE GIFT WRAP,25,2011-02-23,0.420,15858,United Kingdom
544795,16161U,WRAP SUKI AND FRIENDS,25,2011-02-23,0.420,15858,United Kingdom
544795,16156S,WRAP PINK FAIRY CAKES ,25,2011-02-23,0.420,15858,United Kingdom
544795,23230,WRAP ALPHABET DESIGN,25,2011-02-23,0.420,15858,United Kingdom
544795,21916,SET 12 RETRO WHITE CHALK STICKS,4,2011-02-23,0.420,15858,United Kingdom
544795,21592,RETROSPOT CIGAR BOX MATCHES ,24,2011-02-23,1.250,15858,United Kingdom
544795,21179,NO JUNK MAIL METAL SIGN,6,2011-02-23,1.250,15858,United Kingdom
544795,84969,BOX OF 6 ASSORTED COLOUR TEASPOONS,6,2011-02-23,4.250,15858,United Kingdom
544795,22616,PACK OF 12 LONDON TISSUES ,12,2011-02-23,0.290,15858,United Kingdom
544795,21586,KINGS CHOICE GIANT TUBE MATCHES,12,2011-02-23,2.550,15858,United Kingdom
544795,22716,CARD CIRCUS PARADE,12,2011-02-23,0.420,15858,United Kingdom
544795,22815,CARD PSYCHEDELIC APPLES,12,2011-02-23,0.420,15858,United Kingdom
544795,22028,PENNY FARTHING BIRTHDAY CARD,12,2011-02-23,0.420,15858,United Kingdom
544795,22035,VINTAGE CARAVAN GREETING CARD ,12,2011-02-23,0.420,15858,United Kingdom
544795,22024,RAINY LADIES BIRTHDAY CARD,12,2011-02-23,0.420,15858,United Kingdom
544796,85086A,CANDY SPOT HEART DECORATION,6,2011-02-23,0.850,16208,United Kingdom
544796,21391,FRENCH LAVENDER SCENT HEART,12,2011-02-23,2.100,16208,United Kingdom
544796,21916,SET 12 RETRO WHITE CHALK STICKS,12,2011-02-23,0.420,16208,United Kingdom
544796,85049E,SCANDINAVIAN REDS RIBBONS,4,2011-02-23,1.250,16208,United Kingdom
544796,85049D,BRIGHT BLUES RIBBONS ,3,2011-02-23,1.250,16208,United Kingdom
544796,22077,6 RIBBONS RUSTIC CHARM,6,2011-02-23,1.650,16208,United Kingdom
544796,21754,HOME BUILDING BLOCK WORD,3,2011-02-23,5.950,16208,United Kingdom
544796,21755,LOVE BUILDING BLOCK WORD,3,2011-02-23,5.950,16208,United Kingdom
544796,16161P,WRAP ENGLISH ROSE ,25,2011-02-23,0.420,16208,United Kingdom
544796,16156S,WRAP PINK FAIRY CAKES ,25,2011-02-23,0.420,16208,United Kingdom
544796,22296,HEART IVORY TRELLIS LARGE,12,2011-02-23,1.650,16208,United Kingdom
544796,22969,HOMEMADE JAM SCENTED CANDLES,24,2011-02-23,1.450,16208,United Kingdom
544796,22295,HEART FILIGREE DOVE LARGE,12,2011-02-23,1.650,16208,United Kingdom
544796,22488,NATURAL SLATE RECTANGLE CHALKBOARD,4,2011-02-23,1.650,16208,United Kingdom
544796,22457,NATURAL SLATE HEART CHALKBOARD ,3,2011-02-23,2.950,16208,United Kingdom
544796,21713,CITRONELLA CANDLE FLOWERPOT,8,2011-02-23,2.100,16208,United Kingdom
544796,85123A,WHITE HANGING HEART T-LIGHT HOLDER,8,2011-02-23,2.950,16208,United Kingdom
544796,22766,PHOTO FRAME CORNICE,4,2011-02-23,2.950,16208,United Kingdom
544796,84755,COLOUR GLASS T-LIGHT HOLDER HANGING,8,2011-02-23,0.650,16208,United Kingdom
544796,71459,HANGING JAM JAR T-LIGHT HOLDER,12,2011-02-23,0.850,16208,United Kingdom
544796,22470,HEART OF WICKER LARGE,8,2011-02-23,2.950,16208,United Kingdom
544796,71038,WHITE HANGING BEADS CANDLE HOLDER,4,2011-02-23,5.450,16208,United Kingdom
544796,22796,PHOTO FRAME 3 CLASSIC HANGING,4,2011-02-23,9.950,16208,United Kingdom
544796,22469,HEART OF WICKER SMALL,8,2011-02-23,1.650,16208,United Kingdom
544797,21326,AGED GLASS SILVER T-LIGHT HOLDER,288,2011-02-23,0.550,13489,United Kingdom
544798,22386,JUMBO BAG PINK POLKADOT,10,2011-02-23,1.950,17063,United Kingdom
544798,21930,JUMBO STORAGE BAG SKULLS,10,2011-02-23,1.950,17063,United Kingdom
544798,22149,FELTCRAFT 6 FLOWER FRIENDS,6,2011-02-23,2.100,17063,United Kingdom
544798,22743,MAKE YOUR OWN FLOWERPOWER CARD KIT,6,2011-02-23,2.950,17063,United Kingdom
544798,21249,WOODLAND  HEIGHT CHART STICKERS ,6,2011-02-23,2.950,17063,United Kingdom
544798,21251,DINOSAUR HEIGHT CHART STICKER SET,6,2011-02-23,2.950,17063,United Kingdom
544798,21754,HOME BUILDING BLOCK WORD,3,2011-02-23,5.950,17063,United Kingdom
544798,37495,FAIRY CAKE BIRTHDAY CANDLE SET,4,2011-02-23,3.750,17063,United Kingdom
544798,21559,STRAWBERRY LUNCH BOX WITH CUTLERY,6,2011-02-23,2.550,17063,United Kingdom
544798,21558,SKULL LUNCH BOX WITH CUTLERY ,6,2011-02-23,2.550,17063,United Kingdom
544798,21928,JUMBO BAG SCANDINAVIAN PAISLEY,10,2011-02-23,1.950,17063,United Kingdom
544799,22621,TRADITIONAL KNITTING NANCY,12,2011-02-23,1.450,17063,United Kingdom
544799,20725,LUNCH BAG RED RETROSPOT,10,2011-02-23,1.650,17063,United Kingdom
544799,20727,LUNCH BAG  BLACK SKULL.,10,2011-02-23,1.650,17063,United Kingdom
544799,20712,JUMBO BAG WOODLAND ANIMALS,10,2011-02-23,1.950,17063,United Kingdom
544799,85099B,JUMBO BAG RED RETROSPOT,10,2011-02-23,1.950,17063,United Kingdom
544799,20719,WOODLAND CHARLOTTE BAG,10,2011-02-23,0.850,17063,United Kingdom
544799,21985,PACK OF 12 HEARTS DESIGN TISSUES ,24,2011-02-23,0.290,17063,United Kingdom
544799,21986,PACK OF 12 PINK POLKADOT TISSUES,24,2011-02-23,0.290,17063,United Kingdom
544800,21533,RETROSPOT LARGE MILK JUG,3,2011-02-23,4.950,15687,United Kingdom
544800,21531,RED RETROSPOT SUGAR JAM BOWL,6,2011-02-23,2.550,15687,United Kingdom
544800,84987,SET OF 36 TEATIME PAPER DOILIES,12,2011-02-23,1.450,15687,United Kingdom
544800,22505,MEMO BOARD COTTAGE DESIGN,4,2011-02-23,4.950,15687,United Kingdom
544800,21212,PACK OF 72 RETROSPOT CAKE CASES,24,2011-02-23,0.550,15687,United Kingdom
544800,21539,RED RETROSPOT BUTTER DISH,3,2011-02-23,4.950,15687,United Kingdom
544800,22988,SOLDIERS EGG CUP ,12,2011-02-23,1.250,15687,United Kingdom
544800,22139,RETROSPOT TEA SET CERAMIC 11 PC ,3,2011-02-23,4.950,15687,United Kingdom
544800,22138,BAKING SET 9 PIECE RETROSPOT ,3,2011-02-23,4.950,15687,United Kingdom
544800,22429,ENAMEL MEASURING JUG CREAM,4,2011-02-23,4.250,15687,United Kingdom
544800,22854,CREAM SWEETHEART EGG HOLDER,4,2011-02-23,4.950,15687,United Kingdom
544800,21468,BUTTERFLY CROCHET FOOD COVER,6,2011-02-23,3.750,15687,United Kingdom
544800,21465,PINK FLOWER CROCHET FOOD COVER,6,2011-02-23,3.750,15687,United Kingdom
544801,21733,RED HANGING HEART T-LIGHT HOLDER,6,2011-02-23,2.950,16145,United Kingdom
544801,22859,EASTER TIN BUNNY BOUQUET,6,2011-02-23,1.650,16145,United Kingdom
544801,22251,BIRDHOUSE DECORATION MAGIC GARDEN,12,2011-02-23,1.250,16145,United Kingdom
544801,84459B,YELLOW METAL CHICKEN HEART ,12,2011-02-23,1.490,16145,United Kingdom
544801,22219,LOVEBIRD HANGING DECORATION WHITE ,12,2011-02-23,0.850,16145,United Kingdom
544801,22383,LUNCH BAG SUKI  DESIGN ,10,2011-02-23,1.650,16145,United Kingdom
544801,20727,LUNCH BAG  BLACK SKULL.,10,2011-02-23,1.650,16145,United Kingdom
544801,20914,SET/5 RED RETROSPOT LID GLASS BOWLS,12,2011-02-23,2.950,16145,United Kingdom
544801,22077,6 RIBBONS RUSTIC CHARM,24,2011-02-23,1.650,16145,United Kingdom
544801,16161U,WRAP SUKI AND FRIENDS,25,2011-02-23,0.420,16145,United Kingdom
544801,22196,SMALL HEART MEASURING SPOONS,12,2011-02-23,0.850,16145,United Kingdom
544801,22720,SET OF 3 CAKE TINS PANTRY DESIGN ,3,2011-02-23,4.950,16145,United Kingdom
544801,22084,PAPER CHAIN KIT EMPIRE,6,2011-02-23,2.950,16145,United Kingdom
544801,22860,EASTER TIN CHICKS PINK DAISY,6,2011-02-23,1.650,16145,United Kingdom
544801,21411,GINGHAM HEART  DOORSTOP RED,3,2011-02-23,4.250,16145,United Kingdom
544801,21212,PACK OF 72 RETROSPOT CAKE CASES,24,2011-02-23,0.550,16145,United Kingdom
544801,21314,SMALL GLASS HEART TRINKET POT,8,2011-02-23,2.100,16145,United Kingdom
544802,84832,ZINC WILLIE WINKIE  CANDLE STICK,24,2011-02-23,0.850,13149,United Kingdom
544802,22441,GROW YOUR OWN BASIL IN ENAMEL MUG,8,2011-02-23,2.100,13149,United Kingdom
544802,21269,ANTIQUE CREAM CUTLERY SHELF ,4,2011-02-23,8.500,13149,United Kingdom
544802,22173,METAL 4 HOOK HANGER FRENCH CHATEAU,8,2011-02-23,2.950,13149,United Kingdom
544802,84971S,SMALL HEART FLOWERS HOOK ,24,2011-02-23,0.850,13149,United Kingdom
544802,21716,BOYS VINTAGE TIN SEASIDE BUCKET,8,2011-02-23,2.550,13149,United Kingdom
544802,72232,FENG SHUI PILLAR CANDLE,96,2011-02-23,0.190,13149,United Kingdom
544802,84688,BEACH HUT DESIGN BLACKBOARD,6,2011-02-23,4.250,13149,United Kingdom
544802,22488,NATURAL SLATE RECTANGLE CHALKBOARD,24,2011-02-23,1.650,13149,United Kingdom
544802,21668,RED STRIPE CERAMIC DRAWER KNOB,12,2011-02-23,1.250,13149,United Kingdom
544802,21669,BLUE STRIPE CERAMIC DRAWER KNOB,12,2011-02-23,1.250,13149,United Kingdom
544802,21670,BLUE SPOT CERAMIC DRAWER KNOB,12,2011-02-23,1.250,13149,United Kingdom
544802,21672,WHITE SPOT RED CERAMIC DRAWER KNOB,12,2011-02-23,1.250,13149,United Kingdom
544802,21715,GIRLS VINTAGE TIN SEASIDE BUCKET,8,2011-02-23,2.550,13149,United Kingdom
544802,21718,RED METAL BEACH SPADE ,12,2011-02-23,1.250,13149,United Kingdom
544803,51014A,"FEATHER PEN,HOT PINK",12,2011-02-23,0.850,14606,United Kingdom
544803,85114A,BLACK ENCHANTED FOREST PLACEMAT,3,2011-02-23,1.650,14606,United Kingdom
544803,21067,VINTAGE RED TEATIME MUG,3,2011-02-23,1.250,14606,United Kingdom
544803,85169C,EAU DE NIL LOVE BIRD CANDLE,7,2011-02-23,1.250,14606,United Kingdom
544803,22411,JUMBO SHOPPER VINTAGE RED PAISLEY,3,2011-02-23,1.950,14606,United Kingdom
544804,21259,VICTORIAN SEWING BOX SMALL ,4,2011-02-23,5.950,17504,United Kingdom
544804,84050,PINK HEART SHAPE EGG FRYING PAN,6,2011-02-23,1.650,17504,United Kingdom
544804,71459,HANGING JAM JAR T-LIGHT HOLDER,24,2011-02-23,0.850,17504,United Kingdom
544804,22457,NATURAL SLATE HEART CHALKBOARD ,6,2011-02-23,2.950,17504,United Kingdom
544804,22855,FINE WICKER HEART ,48,2011-02-23,1.060,17504,United Kingdom
544804,22502,PICNIC BASKET WICKER SMALL,4,2011-02-23,5.950,17504,United Kingdom
544804,22501,PICNIC BASKET WICKER LARGE,4,2011-02-23,9.950,17504,United Kingdom
544804,22470,HEART OF WICKER LARGE,40,2011-02-23,2.550,17504,United Kingdom
544804,22469,HEART OF WICKER SMALL,40,2011-02-23,1.450,17504,United Kingdom
544805,22802,FAUX FUR CHOCOLATE THROW,6,2011-02-23,16.950,18068,United Kingdom
544806,22441,GROW YOUR OWN BASIL IN ENAMEL MUG,8,2011-02-23,2.100,15932,United Kingdom
544806,22426,ENAMEL WASH BOWL CREAM,16,2011-02-23,2.950,15932,United Kingdom
544806,85054,FRENCH ENAMEL POT W LID,6,2011-02-23,2.950,15932,United Kingdom
544806,22595,GINGHAM HEART DECORATION,12,2011-02-23,0.850,15932,United Kingdom
544806,22469,HEART OF WICKER SMALL,12,2011-02-23,1.650,15932,United Kingdom
544806,21926,RED/CREAM STRIPE CUSHION COVER ,12,2011-02-23,1.250,15932,United Kingdom
544806,21927,BLUE/CREAM STRIPE CUSHION COVER ,12,2011-02-23,1.250,15932,United Kingdom
544806,46000S,POLYESTER FILLER PAD 40x40cm,5,2011-02-23,1.450,15932,United Kingdom
544806,84832,ZINC WILLIE WINKIE  CANDLE STICK,12,2011-02-23,0.850,15932,United Kingdom
544806,22777,GLASS CLOCHE LARGE,12,2011-02-23,7.650,15932,United Kingdom
544806,22082,RIBBON REEL STRIPES DESIGN ,10,2011-02-23,1.650,15932,United Kingdom
544806,22983,CARD BILLBOARD FONT,12,2011-02-23,0.420,15932,United Kingdom
544806,22030,SWALLOWS GREETING CARD,12,2011-02-23,0.420,15932,United Kingdom
544806,47566,PARTY BUNTING,4,2011-02-23,4.950,15932,United Kingdom
544806,35961,FOLKART ZINC HEART CHRISTMAS DEC,12,2011-02-23,0.850,15932,United Kingdom
544806,22945,CHRISTMAS METAL TAGS ASSORTED ,12,2011-02-23,0.850,15932,United Kingdom
544807,48138,DOORMAT UNION FLAG,30,2011-02-23,7.650,12823,United Kingdom
544808,85169A,IVORY LOVE BIRD CANDLE,5,2011-02-23,1.250,14562,United Kingdom
544808,82551,LAUNDRY 15C METAL SIGN,3,2011-02-23,1.450,14562,United Kingdom
544808,82552,WASHROOM METAL SIGN,4,2011-02-23,1.450,14562,United Kingdom
544808,84952B,BLACK LOVE BIRD T-LIGHT HOLDER,3,2011-02-23,3.750,14562,United Kingdom
544808,85116,BLACK CANDELABRA T-LIGHT HOLDER,3,2011-02-23,2.100,14562,United Kingdom
544808,22084,PAPER CHAIN KIT EMPIRE,5,2011-02-23,2.950,14562,United Kingdom
544808,72351A,SET/6 TURQUOISE BUTTERFLY T-LIGHTS,3,2011-02-23,2.100,14562,United Kingdom
544808,82578,KITCHEN METAL SIGN,4,2011-02-23,0.550,14562,United Kingdom
544808,20972,PINK CREAM FELT CRAFT TRINKET BOX ,3,2011-02-23,1.250,14562,United Kingdom
544808,20971,PINK BLUE FELT CRAFT TRINKET BOX,5,2011-02-23,1.250,14562,United Kingdom
544808,21272,SALLE DE BAIN HOOK,5,2011-02-23,1.250,14562,United Kingdom
544810,22720,SET OF 3 CAKE TINS PANTRY DESIGN ,3,2011-02-23,4.950,17675,United Kingdom
544810,85123A,WHITE HANGING HEART T-LIGHT HOLDER,32,2011-02-23,2.550,17675,United Kingdom
544810,47566,PARTY BUNTING,4,2011-02-23,4.950,17675,United Kingdom
544810,85174,S/4 CACTI CANDLES,4,2011-02-23,4.950,17675,United Kingdom
544810,22193,RED DINER WALL CLOCK,4,2011-02-23,8.500,17675,United Kingdom
544810,22191,IVORY DINER WALL CLOCK,4,2011-02-23,8.500,17675,United Kingdom
544810,22730,ALARM CLOCK BAKELIKE IVORY,4,2011-02-23,3.750,17675,United Kingdom
544810,21669,BLUE STRIPE CERAMIC DRAWER KNOB,12,2011-02-23,1.250,17675,United Kingdom
544810,22625,RED KITCHEN SCALES,10,2011-02-23,8.500,17675,United Kingdom
544810,22379,RECYCLING BAG RETROSPOT ,10,2011-02-23,2.100,17675,United Kingdom
544810,22411,JUMBO SHOPPER VINTAGE RED PAISLEY,10,2011-02-23,1.950,17675,United Kingdom
544810,20713,JUMBO BAG OWLS,10,2011-02-23,1.950,17675,United Kingdom
544810,22585,PACK OF 6 BIRDY GIFT TAGS,12,2011-02-23,1.250,17675,United Kingdom
544810,84879,ASSORTED COLOUR BIRD ORNAMENT,64,2011-02-23,1.690,17675,United Kingdom
544810,82484,WOOD BLACK BOARD ANT WHITE FINISH,6,2011-02-23,7.950,17675,United Kingdom
544810,22626,BLACK KITCHEN SCALES,4,2011-02-23,8.500,17675,United Kingdom
544810,22189,CREAM HEART CARD HOLDER,8,2011-02-23,3.950,17675,United Kingdom
544811,23233,WRAP POPPIES  DESIGN,25,2011-02-23,0.420,12471,Germany
544811,23231,WRAP DOILEY DESIGN,25,2011-02-23,0.420,12471,Germany
544811,22992,REVOLVER WOODEN RULER ,12,2011-02-23,1.950,12471,Germany
544811,22993,SET OF 4 PANTRY JELLY MOULDS,12,2011-02-23,1.250,12471,Germany
544811,84988,SET OF 72 PINK HEART PAPER DOILIES,12,2011-02-23,1.450,12471,Germany
544811,20719,WOODLAND CHARLOTTE BAG,10,2011-02-23,0.850,12471,Germany
544811,21210,SET OF 72 RETROSPOT PAPER  DOILIES,12,2011-02-23,1.450,12471,Germany
544811,22472,TV DINNER TRAY DOLLY GIRL,6,2011-02-23,4.950,12471,Germany
544811,22445,PENCIL CASE LIFE IS BEAUTIFUL,12,2011-02-23,2.950,12471,Germany
544811,22625,RED KITCHEN SCALES,6,2011-02-23,8.500,12471,Germany
544811,22728,ALARM CLOCK BAKELIKE PINK,12,2011-02-23,3.750,12471,Germany
544811,22741,FUNKY DIVA PEN,48,2011-02-23,0.850,12471,Germany
544811,22720,SET OF 3 CAKE TINS PANTRY DESIGN ,6,2011-02-23,4.950,12471,Germany
544811,POST,POSTAGE,3,2011-02-23,18.000,12471,Germany
544812,22083,PAPER CHAIN KIT RETROSPOT,6,2011-02-23,5.790,,United Kingdom
544812,22084,PAPER CHAIN KIT EMPIRE,7,2011-02-23,5.790,,United Kingdom
544812,22087,PAPER BUNTING WHITE LACE,3,2011-02-23,5.790,,United Kingdom
544812,22173,METAL 4 HOOK HANGER FRENCH CHATEAU,5,2011-02-23,5.790,,United Kingdom
544812,22178,VICTORIAN GLASS HANGING T-LIGHT,4,2011-02-23,2.460,,United Kingdom
544812,22183,CAKE STAND VICTORIAN FILIGREE MED,3,2011-02-23,5.790,,United Kingdom
544812,22196,SMALL HEART MEASURING SPOONS,15,2011-02-23,1.630,,United Kingdom
544812,22197,SMALL POPCORN HOLDER,11,2011-02-23,1.630,,United Kingdom
544812,22229,BUNNY WOODEN PAINTED WITH FLOWER ,4,2011-02-23,1.630,,United Kingdom
544812,84978,HANGING HEART JAR T-LIGHT HOLDER,4,2011-02-23,2.460,,United Kingdom
544812,85131A,BEADED PEARL HEART WHITE ON STICK,10,2011-02-23,0.830,,United Kingdom
544812,85131D,BEADED CRYSTAL HEART PINK ON STICK,6,2011-02-23,0.830,,United Kingdom
544812,85186A,EASTER BUNNY GARLAND OF FLOWERS,3,2011-02-23,0.830,,United Kingdom
544812,85186C,BUNNY EGG GARLAND,3,2011-02-23,0.830,,United Kingdom
544812,21080,SET/20 RED RETROSPOT PAPER NAPKINS ,4,2011-02-23,1.630,,United Kingdom
544812,21086,SET/6 RED SPOTTY PAPER CUPS,3,2011-02-23,1.630,,United Kingdom
544812,21094,SET/6 RED SPOTTY PAPER PLATES,9,2011-02-23,0.830,,United Kingdom
544812,21232,STRAWBERRY CERAMIC TRINKET BOX,3,2011-02-23,2.460,,United Kingdom
544812,21454,PAINTED PINK RABBIT ,8,2011-02-23,0.830,,United Kingdom
544812,21455,PAINTED YELLOW WOODEN DAISY,53,2011-02-23,0.830,,United Kingdom
544812,21668,RED STRIPE CERAMIC DRAWER KNOB,6,2011-02-23,3.330,,United Kingdom
544812,21671,RED SPOT CERAMIC DRAWER KNOB,6,2011-02-23,3.330,,United Kingdom
544812,21731,RED TOADSTOOL LED NIGHT LIGHT,13,2011-02-23,3.290,,United Kingdom
544812,22232,JIGSAW TOADSTOOLS 3 PIECE,4,2011-02-23,3.290,,United Kingdom
544812,22241,GARLAND WOODEN HAPPY EASTER,3,2011-02-23,2.460,,United Kingdom
544812,22246,MAGIC GARDEN FELT GARLAND ,8,2011-02-23,4.130,,United Kingdom
544812,22254,FELT TOADSTOOL LARGE,5,2011-02-23,2.460,,United Kingdom
544812,22286,"DECORATION , WOBBLY RABBIT , METAL ",4,2011-02-23,3.290,,United Kingdom
544812,22288,HANGING METAL RABBIT DECORATION,3,2011-02-23,2.460,,United Kingdom
544812,22356,CHARLOTTE BAG PINK POLKADOT,3,2011-02-23,1.630,,United Kingdom
544812,22420,LIPSTICK PEN BABY PINK,12,2011-02-23,0.830,,United Kingdom
544812,22697,GREEN REGENCY TEACUP AND SAUCER,7,2011-02-23,5.790,,United Kingdom
544812,22698,PINK REGENCY TEACUP AND SAUCER,3,2011-02-23,5.790,,United Kingdom
544812,22699,ROSES REGENCY TEACUP AND SAUCER ,3,2011-02-23,5.790,,United Kingdom
544812,22754,SMALL RED BABUSHKA NOTEBOOK ,12,2011-02-23,1.630,,United Kingdom
544812,10135,COLOURING PENCILS BROWN TUBE,5,2011-02-23,2.460,,United Kingdom
544812,15036,ASSORTED COLOURS SILK FAN,8,2011-02-23,1.630,,United Kingdom
544812,16235,RECYCLED PENCIL WITH RABBIT ERASER,12,2011-02-23,0.420,,United Kingdom
544812,16236,KITTY PENCIL ERASERS,6,2011-02-23,0.420,,United Kingdom
544812,16237,SLEEPING CAT ERASERS,10,2011-02-23,0.420,,United Kingdom
544812,20724,RED RETROSPOT CHARLOTTE BAG,7,2011-02-23,1.630,,United Kingdom
544812,20725,LUNCH BAG RED RETROSPOT,4,2011-02-23,4.130,,United Kingdom
544812,20830,SILVER PHOTO FRAME,5,2011-02-23,4.130,,United Kingdom
544812,21733,RED HANGING HEART T-LIGHT HOLDER,7,2011-02-23,2.950,,United Kingdom
544812,22173,METAL 4 HOOK HANGER FRENCH CHATEAU,9,2011-02-23,2.950,,United Kingdom
544812,82494L,WOODEN FRAME ANTIQUE WHITE ,11,2011-02-23,2.950,,United Kingdom
544813,22082,RIBBON REEL STRIPES DESIGN ,10,2011-02-23,1.650,15984,United Kingdom
544813,22084,PAPER CHAIN KIT EMPIRE,10,2011-02-23,2.950,15984,United Kingdom
544813,22113,GREY HEART HOT WATER BOTTLE,4,2011-02-23,3.750,15984,United Kingdom
544813,84378,SET OF 3 HEART COOKIE CUTTERS,5,2011-02-23,1.250,15984,United Kingdom
544813,85123A,WHITE HANGING HEART T-LIGHT HOLDER,4,2011-02-23,2.950,15984,United Kingdom
544815,22421,LIPSTICK PEN FUSCHIA,12,2011-02-23,0.420,17171,United Kingdom
544815,22419,LIPSTICK PEN RED,12,2011-02-23,0.420,17171,United Kingdom
544815,22420,LIPSTICK PEN BABY PINK,12,2011-02-23,0.420,17171,United Kingdom
544815,22077,6 RIBBONS RUSTIC CHARM,12,2011-02-23,1.650,17171,United Kingdom
544815,22087,PAPER BUNTING WHITE LACE,6,2011-02-23,2.950,17171,United Kingdom
544815,22469,HEART OF WICKER SMALL,24,2011-02-23,1.650,17171,United Kingdom
544815,22219,LOVEBIRD HANGING DECORATION WHITE ,12,2011-02-23,0.850,17171,United Kingdom
544815,22398,MAGNETS PACK OF 4 SWALLOWS,12,2011-02-23,1.250,17171,United Kingdom
544815,22915,ASSORTED BOTTLE TOP  MAGNETS ,12,2011-02-23,0.420,17171,United Kingdom
544815,22908,PACK OF 20 NAPKINS RED APPLES,12,2011-02-23,0.850,17171,United Kingdom
544815,22499,WOODEN UNION JACK BUNTING,3,2011-02-23,5.950,17171,United Kingdom
544815,22335,HEART DECORATION PAINTED ZINC ,24,2011-02-23,0.650,17171,United Kingdom
544815,22576,SWALLOW WOODEN CHRISTMAS DECORATION,12,2011-02-23,0.850,17171,United Kingdom
544815,84755,COLOUR GLASS T-LIGHT HOLDER HANGING,16,2011-02-23,0.650,17171,United Kingdom
544816,22991,GIRAFFE WOODEN RULER,12,2011-02-23,1.950,13090,United Kingdom
544816,22992,REVOLVER WOODEN RULER ,12,2011-02-23,1.950,13090,United Kingdom
544816,23006,TRAVEL CARD WALLET FLOWER MEADOW,24,2011-02-23,0.420,13090,United Kingdom
544816,23004,TRAVEL CARD WALLET PANTRY,24,2011-02-23,0.420,13090,United Kingdom
544816,23000,TRAVEL CARD WALLET TRANSPORT,24,2011-02-23,0.420,13090,United Kingdom
544816,22138,BAKING SET 9 PIECE RETROSPOT ,96,2011-02-23,4.250,13090,United Kingdom
544817,22197,SMALL POPCORN HOLDER,12,2011-02-23,0.850,12437,France
544817,20676,RED RETROSPOT BOWL,8,2011-02-23,1.250,12437,France
544817,22215,CAKE STAND WHITE TWO TIER LACE,4,2011-02-23,8.500,12437,France
544817,22132,RED LOVE HEART SHAPE CUP,12,2011-02-23,0.850,12437,France
544817,22133,PINK LOVE HEART SHAPE CUP,12,2011-02-23,0.850,12437,France
544817,22435,SET OF 9 HEART SHAPED BALLOONS,36,2011-02-23,1.250,12437,France
544817,21559,STRAWBERRY LUNCH BOX WITH CUTLERY,12,2011-02-23,2.550,12437,France
544817,21509,COWBOYS AND INDIANS BIRTHDAY CARD ,12,2011-02-23,0.420,12437,France
544817,22551,PLASTERS IN TIN SPACEBOY,12,2011-02-23,1.650,12437,France
544817,22556,PLASTERS IN TIN CIRCUS PARADE ,12,2011-02-23,1.650,12437,France
544817,22693,GROW A FLYTRAP OR SUNFLOWER IN TIN,24,2011-02-23,1.250,12437,France
544817,22492,MINI PAINT SET VINTAGE ,36,2011-02-23,0.650,12437,France
544817,21208,PASTEL COLOUR HONEYCOMB FAN,12,2011-02-23,1.650,12437,France
544817,21209,MULTICOLOUR HONEYCOMB FAN,12,2011-02-23,1.650,12437,France
544817,22716,CARD CIRCUS PARADE,24,2011-02-23,0.420,12437,France
544817,22714,CARD BIRTHDAY COWBOY,24,2011-02-23,0.420,12437,France
544818,22893,MINI CAKE STAND T-LIGHT HOLDER,48,2011-02-23,0.420,12437,France
544818,84380,SET OF 3 BUTTERFLY COOKIE CUTTERS,12,2011-02-23,1.250,12437,France
544818,21121,SET/10 RED POLKADOT PARTY CANDLES,24,2011-02-23,1.250,12437,France
544818,22352,LUNCH BOX WITH CUTLERY RETROSPOT ,12,2011-02-23,2.550,12437,France
544819,M,Manual,6,2011-02-23,5.000,12748,United Kingdom
544819,40016,CHINESE DRAGON PAPER LANTERNS,12,2011-02-23,0.420,12748,United Kingdom
544819,21713,CITRONELLA CANDLE FLOWERPOT,3,2011-02-23,2.100,12748,United Kingdom
544819,21201,TROPICAL  HONEYCOMB PAPER GARLAND ,3,2011-02-23,2.550,12748,United Kingdom
